date,time,load_act
20240501,0,2171
20240501,100,2073
20240501,200,2055
20240501,300,2088
20240501,400,2111
20240501,500,2132
20240501,600,2242
20240501,700,2433
20240501,800,2688
20240501,900,2847
20240501,1000,2870
20240501,1100,2852
20240501,1200,2791
20240501,1300,2873
20240501,1400,2867
20240501,1500,2858
20240501,1600,2896
20240501,1700,2902
20240501,1800,2924
20240501,1900,2850
20240501,2000,2737
20240501,2100,2579
20240501,2200,2412
20240501,2300,2282
20240502,0,2121
20240502,100,2034
20240502,200,2034
20240502,300,2085
20240502,400,2117
20240502,500,2143
20240502,600,2170
20240502,700,2262
20240502,800,2480
20240502,900,2733
20240502,1000,2861
20240502,1100,2890
20240502,1200,2769
20240502,1300,2747
20240502,1400,2702
20240502,1500,2654
20240502,1600,2651
20240502,1700,2676
20240502,1800,2751
20240502,1900,2747
20240502,2000,2646
20240502,2100,2518
20240502,2200,2378
20240502,2300,2257
20240503,0,2088
20240503,100,1998
20240503,200,1995
20240503,300,2036
20240503,400,2055
20240503,500,1996
20240503,600,1934
20240503,700,1981
20240503,800,2157
20240503,900,2338
20240503,1000,2434
20240503,1100,2492
20240503,1200,2486
20240503,1300,2432
20240503,1400,2363
20240503,1500,2342
20240503,1600,2367
20240503,1700,2437
20240503,1800,2535
20240503,1900,2555
20240503,2000,2481
20240503,2100,2365
20240503,2200,2241
20240503,2300,2141
20240504,0,1993
20240504,100,1912
20240504,200,1919
20240504,300,1957
20240504,400,1974
20240504,500,1917
20240504,600,1864
20240504,700,1933
20240504,800,2097
20240504,900,2278
20240504,1000,2435
20240504,1100,2486
20240504,1200,2505
20240504,1300,2463
20240504,1400,2409
20240504,1500,2391
20240504,1600,2431
20240504,1700,2494
20240504,1800,2572
20240504,1900,2579
20240504,2000,2478
20240504,2100,2349
20240504,2200,2235
20240504,2300,2140
20240505,0,1999
20240505,100,1910
20240505,200,1900
20240505,300,1945
20240505,400,1958
20240505,500,1897
20240505,600,1855
20240505,700,1936
20240505,800,2103
20240505,900,2299
20240505,1000,2455
20240505,1100,2534
20240505,1200,2555
20240505,1300,2511
20240505,1400,2438
20240505,1500,2416
20240505,1600,2447
20240505,1700,2488
20240505,1800,2579
20240505,1900,2588
20240505,2000,2498
20240505,2100,2383
20240505,2200,2271
20240505,2300,2178
20240506,0,2033
20240506,100,1945
20240506,200,1948
20240506,300,1981
20240506,400,1995
20240506,500,1921
20240506,600,1936
20240506,700,2066
20240506,800,2263
20240506,900,2471
20240506,1000,2569
20240506,1100,2485
20240506,1200,2397
20240506,1300,2475
20240506,1400,2560
20240506,1500,2576
20240506,1600,2608
20240506,1700,2646
20240506,1800,2763
20240506,1900,2754
20240506,2000,2654
20240506,2100,2516
20240506,2200,2393
20240506,2300,2281
20240507,0,2132
20240507,100,2043
20240507,200,2042
20240507,300,2081
20240507,400,2109
20240507,500,2169
20240507,600,2353
20240507,700,2608
20240507,800,2902
20240507,900,3068
20240507,1000,3160
20240507,1100,3212
20240507,1200,3025
20240507,1300,3211
20240507,1400,3232
20240507,1500,3196
20240507,1600,3188
20240507,1700,3129
20240507,1800,3137
20240507,1900,3056
20240507,2000,2924
20240507,2100,2769
20240507,2200,2630
20240507,2300,2487
20240508,0,2315
20240508,100,2213
20240508,200,2193
20240508,300,2230
20240508,400,2253
20240508,500,2258
20240508,600,2339
20240508,700,2558
20240508,800,2882
20240508,900,3121
20240508,1000,3221
20240508,1100,3259
20240508,1200,3123
20240508,1300,3232
20240508,1400,3267
20240508,1500,3231
20240508,1600,3202
20240508,1700,3135
20240508,1800,3114
20240508,1900,3025
20240508,2000,2892
20240508,2100,2741
20240508,2200,2605
20240508,2300,2472
20240509,0,2296
20240509,100,2205
20240509,200,2204
20240509,300,2247
20240509,400,2286
20240509,500,2347
20240509,600,2470
20240509,700,2748
20240509,800,3058
20240509,900,3084
20240509,1000,3102
20240509,1100,3003
20240509,1200,2951
20240509,1300,3106
20240509,1400,2991
20240509,1500,2912
20240509,1600,2943
20240509,1700,2972
20240509,1800,3056
20240509,1900,3060
20240509,2000,2943
20240509,2100,2803
20240509,2200,2659
20240509,2300,2513
20240510,0,2325
20240510,100,2225
20240510,200,2230
20240510,300,2285
20240510,400,2332
20240510,500,2346
20240510,600,2379
20240510,700,2514
20240510,800,2800
20240510,900,3056
20240510,1000,3152
20240510,1100,3184
20240510,1200,3068
20240510,1300,3123
20240510,1400,3069
20240510,1500,3032
20240510,1600,3041
20240510,1700,2993
20240510,1800,3007
20240510,1900,2986
20240510,2000,2867
20240510,2100,2720
20240510,2200,2605
20240510,2300,2479
20240511,0,2295
20240511,100,2191
20240511,200,2187
20240511,300,2223
20240511,400,2226
20240511,500,2156
20240511,600,2117
20240511,700,2201
20240511,800,2408
20240511,900,2630
20240511,1000,2725
20240511,1100,2773
20240511,1200,2750
20240511,1300,2714
20240511,1400,2646
20240511,1500,2613
20240511,1600,2631
20240511,1700,2671
20240511,1800,2733
20240511,1900,2734
20240511,2000,2646
20240511,2100,2518
20240511,2200,2407
20240511,2300,2311
20240512,0,2160
20240512,100,2068
20240512,200,2058
20240512,300,2093
20240512,400,2103
20240512,500,2024
20240512,600,1983
20240512,700,2102
20240512,800,2234
20240512,900,2381
20240512,1000,2457
20240512,1100,2504
20240512,1200,2469
20240512,1300,2494
20240512,1400,2506
20240512,1500,2543
20240512,1600,2522
20240512,1700,2641
20240512,1800,2761
20240512,1900,2753
20240512,2000,2669
20240512,2100,2566
20240512,2200,2440
20240512,2300,2326
20240513,0,2165
20240513,100,2076
20240513,200,2072
20240513,300,2114
20240513,400,2164
20240513,500,2220
20240513,600,2371
20240513,700,2622
20240513,800,2928
20240513,900,3180
20240513,1000,3246
20240513,1100,3249
20240513,1200,3134
20240513,1300,3238
20240513,1400,3254
20240513,1500,3219
20240513,1600,3223
20240513,1700,3170
20240513,1800,3157
20240513,1900,3055
20240513,2000,2922
20240513,2100,2762
20240513,2200,2626
20240513,2300,2481
20240514,0,2314
20240514,100,2211
20240514,200,2206
20240514,300,2245
20240514,400,2284
20240514,500,2282
20240514,600,2341
20240514,700,2509
20240514,800,2764
20240514,900,2985
20240514,1000,2987
20240514,1100,3061
20240514,1200,3020
20240514,1300,3145
20240514,1400,3045
20240514,1500,2977
20240514,1600,3027
20240514,1700,3022
20240514,1800,3044
20240514,1900,3021
20240514,2000,2906
20240514,2100,2755
20240514,2200,2629
20240514,2300,2489
20240515,0,2305
20240515,100,2199
20240515,200,2203
20240515,300,2250
20240515,400,2268
20240515,500,2253
20240515,600,2309
20240515,700,2479
20240515,800,2810
20240515,900,3114
20240515,1000,3241
20240515,1100,3291
20240515,1200,3181
20240515,1300,3240
20240515,1400,3175
20240515,1500,3232
20240515,1600,3230
20240515,1700,3120
20240515,1800,3129
20240515,1900,3064
20240515,2000,2934
20240515,2100,2786
20240515,2200,2663
20240515,2300,2525
20240516,0,2348
20240516,100,2244
20240516,200,2227
20240516,300,2262
20240516,400,2286
20240516,500,2304
20240516,600,2414
20240516,700,2635
20240516,800,2897
20240516,900,3114
20240516,1000,3146
20240516,1100,3159
20240516,1200,3076
20240516,1300,3188
20240516,1400,3216
20240516,1500,3213
20240516,1600,3225
20240516,1700,3154
20240516,1800,3120
20240516,1900,3065
20240516,2000,2930
20240516,2100,2785
20240516,2200,2651
20240516,2300,2519
20240517,0,2341
20240517,100,2235
20240517,200,2225
20240517,300,2251
20240517,400,2280
20240517,500,2265
20240517,600,2329
20240517,700,2504
20240517,800,2840
20240517,900,3152
20240517,1000,3279
20240517,1100,3336
20240517,1200,3228
20240517,1300,3311
20240517,1400,3276
20240517,1500,3238
20240517,1600,3230
20240517,1700,3172
20240517,1800,3123
20240517,1900,3060
20240517,2000,2916
20240517,2100,2754
20240517,2200,2631
20240517,2300,2492
20240518,0,2314
20240518,100,2204
20240518,200,2187
20240518,300,2205
20240518,400,2202
20240518,500,2153
20240518,600,2114
20240518,700,2226
20240518,800,2434
20240518,900,2652
20240518,1000,2794
20240518,1100,2874
20240518,1200,2880
20240518,1300,2876
20240518,1400,2838
20240518,1500,2827
20240518,1600,2818
20240518,1700,2807
20240518,1800,2842
20240518,1900,2828
20240518,2000,2715
20240518,2100,2567
20240518,2200,2476
20240518,2300,2378
20240519,0,2224
20240519,100,2122
20240519,200,2112
20240519,300,2134
20240519,400,2134
20240519,500,2053
20240519,600,2004
20240519,700,2135
20240519,800,2271
20240519,900,2394
20240519,1000,2460
20240519,1100,2556
20240519,1200,2538
20240519,1300,2521
20240519,1400,2513
20240519,1500,2547
20240519,1600,2620
20240519,1700,2720
20240519,1800,2812
20240519,1900,2799
20240519,2000,2714
20240519,2100,2577
20240519,2200,2449
20240519,2300,2347
20240520,0,2195
20240520,100,2093
20240520,200,2087
20240520,300,2143
20240520,400,2191
20240520,500,2255
20240520,600,2400
20240520,700,2637
20240520,800,2918
20240520,900,3156
20240520,1000,3109
20240520,1100,3094
20240520,1200,2992
20240520,1300,3147
20240520,1400,3186
20240520,1500,3152
20240520,1600,3192
20240520,1700,3103
20240520,1800,3117
20240520,1900,3086
20240520,2000,2958
20240520,2100,2808
20240520,2200,2686
20240520,2300,2534
20240521,0,2342
20240521,100,2241
20240521,200,2228
20240521,300,2267
20240521,400,2287
20240521,500,2257
20240521,600,2365
20240521,700,2592
20240521,800,2966
20240521,900,3276
20240521,1000,3385
20240521,1100,3480
20240521,1200,3397
20240521,1300,3515
20240521,1400,3540
20240521,1500,3482
20240521,1600,3447
20240521,1700,3334
20240521,1800,3285
20240521,1900,3198
20240521,2000,3045
20240521,2100,2873
20240521,2200,2747
20240521,2300,2597
20240522,0,2394
20240522,100,2270
20240522,200,2243
20240522,300,2270
20240522,400,2286
20240522,500,2281
20240522,600,2336
20240522,700,2484
20240522,800,2826
20240522,900,3112
20240522,1000,3228
20240522,1100,3328
20240522,1200,3248
20240522,1300,3277
20240522,1400,3252
20240522,1500,3217
20240522,1600,3188
20240522,1700,3122
20240522,1800,3120
20240522,1900,3085
20240522,2000,2945
20240522,2100,2786
20240522,2200,2670
20240522,2300,2537
20240523,0,2358
20240523,100,2247
20240523,200,2232
20240523,300,2263
20240523,400,2273
20240523,500,2235
20240523,600,2322
20240523,700,2545
20240523,800,2894
20240523,900,3124
20240523,1000,3187
20240523,1100,3184
20240523,1200,3113
20240523,1300,3219
20240523,1400,3275
20240523,1500,3324
20240523,1600,3315
20240523,1700,3232
20240523,1800,3240
20240523,1900,3190
20240523,2000,3040
20240523,2100,2869
20240523,2200,2731
20240523,2300,2594
20240524,0,2409
20240524,100,2292
20240524,200,2264
20240524,300,2299
20240524,400,2303
20240524,500,2288
20240524,600,2387
20240524,700,2628
20240524,800,3046
20240524,900,3261
20240524,1000,3426
20240524,1100,3508
20240524,1200,3414
20240524,1300,3613
20240524,1400,3654
20240524,1500,3622
20240524,1600,3531
20240524,1700,3331
20240524,1800,3277
20240524,1900,3211
20240524,2000,3053
20240524,2100,2883
20240524,2200,2750
20240524,2300,2607
20240525,0,2401
20240525,100,2268
20240525,200,2227
20240525,300,2238
20240525,400,2226
20240525,500,2167
20240525,600,2142
20240525,700,2238
20240525,800,2403
20240525,900,2590
20240525,1000,2761
20240525,1100,2823
20240525,1200,2838
20240525,1300,2821
20240525,1400,2760
20240525,1500,2701
20240525,1600,2710
20240525,1700,2703
20240525,1800,2734
20240525,1900,2739
20240525,2000,2634
20240525,2100,2507
20240525,2200,2398
20240525,2300,2296
20240526,0,2152
20240526,100,2067
20240526,200,2045
20240526,300,2074
20240526,400,2081
20240526,500,2022
20240526,600,1986
20240526,700,2095
20240526,800,2282
20240526,900,2471
20240526,1000,2549
20240526,1100,2591
20240526,1200,2611
20240526,1300,2594
20240526,1400,2591
20240526,1500,2546
20240526,1600,2558
20240526,1700,2638
20240526,1800,2758
20240526,1900,2803
20240526,2000,2720
20240526,2100,2586
20240526,2200,2460
20240526,2300,2346
20240527,0,2196
20240527,100,2098
20240527,200,2085
20240527,300,2132
20240527,400,2165
20240527,500,2163
20240527,600,2308
20240527,700,2601
20240527,800,2986
20240527,900,3181
20240527,1000,3207
20240527,1100,3247
20240527,1200,3062
20240527,1300,3223
20240527,1400,3336
20240527,1500,3289
20240527,1600,3278
20240527,1700,3237
20240527,1800,3242
20240527,1900,3191
20240527,2000,3055
20240527,2100,2897
20240527,2200,2774
20240527,2300,2632
20240528,0,2450
20240528,100,2327
20240528,200,2300
20240528,300,2332
20240528,400,2352
20240528,500,2386
20240528,600,2545
20240528,700,2781
20240528,800,3156
20240528,900,3413
20240528,1000,3492
20240528,1100,3560
20240528,1200,3433
20240528,1300,3536
20240528,1400,3545
20240528,1500,3507
20240528,1600,3517
20240528,1700,3463
20240528,1800,3439
20240528,1900,3346
20240528,2000,3195
20240528,2100,3032
20240528,2200,2896
20240528,2300,2736
20240529,0,2525
20240529,100,2378
20240529,200,2332
20240529,300,2346
20240529,400,2350
20240529,500,2335
20240529,600,2419
20240529,700,2614
20240529,800,2956
20240529,900,3217
20240529,1000,3319
20240529,1100,3415
20240529,1200,3344
20240529,1300,3454
20240529,1400,3459
20240529,1500,3429
20240529,1600,3413
20240529,1700,3297
20240529,1800,3224
20240529,1900,3166
20240529,2000,3012
20240529,2100,2840
20240529,2200,2696
20240529,2300,2559
20240530,0,2373
20240530,100,2256
20240530,200,2234
20240530,300,2270
20240530,400,2290
20240530,500,2284
20240530,600,2387
20240530,700,2661
20240530,800,3087
20240530,900,3363
20240530,1000,3450
20240530,1100,3526
20240530,1200,3407
20240530,1300,3492
20240530,1400,3475
20240530,1500,3457
20240530,1600,3425
20240530,1700,3324
20240530,1800,3297
20240530,1900,3229
20240530,2000,3076
20240530,2100,2907
20240530,2200,2770
20240530,2300,2630
20240531,0,2443
20240531,100,2313
20240531,200,2272
20240531,300,2289
20240531,400,2309
20240531,500,2350
20240531,600,2476
20240531,700,2691
20240531,800,2981
20240531,900,3163
20240531,1000,3161
20240531,1100,3129
20240531,1200,3088
20240531,1300,3142
20240531,1400,3249
20240531,1500,3186
20240531,1600,3168
20240531,1700,3120
20240531,1800,3117
20240531,1900,3068
20240531,2000,2923
20240531,2100,2766
20240531,2200,2640
20240531,2300,2510
20240601,0,2323
20240601,100,2203
20240601,200,2179
20240601,300,2209
20240601,400,2207
20240601,500,2151
20240601,600,2143
20240601,700,2249
20240601,800,2479
20240601,900,2691
20240601,1000,2899
20240601,1100,3067
20240601,1200,3048
20240601,1300,3032
20240601,1400,2952
20240601,1500,2864
20240601,1600,2838
20240601,1700,2795
20240601,1800,2786
20240601,1900,2792
20240601,2000,2684
20240601,2100,2545
20240601,2200,2431
20240601,2300,2339
20240602,0,2188
20240602,100,2079
20240602,200,2056
20240602,300,2090
20240602,400,2113
20240602,500,2091
20240602,600,2082
20240602,700,2181
20240602,800,2344
20240602,900,2558
20240602,1000,2665
20240602,1100,2731
20240602,1200,2707
20240602,1300,2672
20240602,1400,2681
20240602,1500,2625
20240602,1600,2624
20240602,1700,2722
20240602,1800,2790
20240602,1900,2769
20240602,2000,2687
20240602,2100,2562
20240602,2200,2423
20240602,2300,2315
20240603,0,2170
20240603,100,2072
20240603,200,2068
20240603,300,2113
20240603,400,2153
20240603,500,2174
20240603,600,2284
20240603,700,2505
20240603,800,2845
20240603,900,3169
20240603,1000,3344
20240603,1100,3429
20240603,1200,3333
20240603,1300,3397
20240603,1400,3386
20240603,1500,3367
20240603,1600,3333
20240603,1700,3204
20240603,1800,3128
20240603,1900,3051
20240603,2000,2912
20240603,2100,2758
20240603,2200,2642
20240603,2300,2502
20240604,0,2320
20240604,100,2205
20240604,200,2191
20240604,300,2235
20240604,400,2245
20240604,500,2260
20240604,600,2349
20240604,700,2611
20240604,800,3022
20240604,900,3301
20240604,1000,3364
20240604,1100,3446
20240604,1200,3344
20240604,1300,3421
20240604,1400,3405
20240604,1500,3315
20240604,1600,3274
20240604,1700,3173
20240604,1800,3107
20240604,1900,3048
20240604,2000,2914
20240604,2100,2751
20240604,2200,2624
20240604,2300,2488
20240605,0,2316
20240605,100,2202
20240605,200,2188
20240605,300,2224
20240605,400,2237
20240605,500,2243
20240605,600,2327
20240605,700,2580
20240605,800,2975
20240605,900,3321
20240605,1000,3475
20240605,1100,3540
20240605,1200,3439
20240605,1300,3520
20240605,1400,3499
20240605,1500,3433
20240605,1600,3399
20240605,1700,3279
20240605,1800,3194
20240605,1900,3145
20240605,2000,2998
20240605,2100,2828
20240605,2200,2692
20240605,2300,2556
20240606,0,2355
20240606,100,2240
20240606,200,2219
20240606,300,2256
20240606,400,2272
20240606,500,2274
20240606,600,2364
20240606,700,2574
20240606,800,2944
20240606,900,3338
20240606,1000,3406
20240606,1100,3422
20240606,1200,3409
20240606,1300,3519
20240606,1400,3475
20240606,1500,3497
20240606,1600,3432
20240606,1700,3275
20240606,1800,3236
20240606,1900,3179
20240606,2000,3035
20240606,2100,2872
20240606,2200,2735
20240606,2300,2586
20240607,0,2385
20240607,100,2267
20240607,200,2238
20240607,300,2269
20240607,400,2292
20240607,500,2301
20240607,600,2390
20240607,700,2644
20240607,800,3079
20240607,900,3352
20240607,1000,3449
20240607,1100,3528
20240607,1200,3543
20240607,1300,3563
20240607,1400,3563
20240607,1500,3502
20240607,1600,3416
20240607,1700,3268
20240607,1800,3168
20240607,1900,3109
20240607,2000,2967
20240607,2100,2798
20240607,2200,2679
20240607,2300,2541
20240608,0,2349
20240608,100,2225
20240608,200,2184
20240608,300,2207
20240608,400,2188
20240608,500,2142
20240608,600,2170
20240608,700,2327
20240608,800,2614
20240608,900,2856
20240608,1000,3024
20240608,1100,3102
20240608,1200,3099
20240608,1300,3074
20240608,1400,3022
20240608,1500,2982
20240608,1600,2916
20240608,1700,2837
20240608,1800,2854
20240608,1900,2890
20240608,2000,2778
20240608,2100,2633
20240608,2200,2512
20240608,2300,2392
20240609,0,2230
20240609,100,2119
20240609,200,2095
20240609,300,2127
20240609,400,2126
20240609,500,2097
20240609,600,2103
20240609,700,2210
20240609,800,2340
20240609,900,2519
20240609,1000,2644
20240609,1100,2636
20240609,1200,2737
20240609,1300,2697
20240609,1400,2719
20240609,1500,2706
20240609,1600,2696
20240609,1700,2767
20240609,1800,2848
20240609,1900,2847
20240609,2000,2750
20240609,2100,2622
20240609,2200,2488
20240609,2300,2370
20240610,0,2205
20240610,100,2108
20240610,200,2087
20240610,300,2140
20240610,400,2176
20240610,500,2223
20240610,600,2359
20240610,700,2609
20240610,800,2966
20240610,900,3187
20240610,1000,3264
20240610,1100,3340
20240610,1200,3234
20240610,1300,3334
20240610,1400,3379
20240610,1500,3299
20240610,1600,3290
20240610,1700,3209
20240610,1800,3194
20240610,1900,3138
20240610,2000,2995
20240610,2100,2844
20240610,2200,2711
20240610,2300,2572
20240611,0,2370
20240611,100,2261
20240611,200,2233
20240611,300,2269
20240611,400,2282
20240611,500,2301
20240611,600,2445
20240611,700,2739
20240611,800,3206
20240611,900,3631
20240611,1000,3788
20240611,1100,3878
20240611,1200,3784
20240611,1300,3887
20240611,1400,3849
20240611,1500,3783
20240611,1600,3726
20240611,1700,3564
20240611,1800,3424
20240611,1900,3354
20240611,2000,3189
20240611,2100,3000
20240611,2200,2862
20240611,2300,2700
20240612,0,2490
20240612,100,2344
20240612,200,2303
20240612,300,2329
20240612,400,2337
20240612,500,2346
20240612,600,2495
20240612,700,2832
20240612,800,3327
20240612,900,3707
20240612,1000,3816
20240612,1100,3922
20240612,1200,3889
20240612,1300,4003
20240612,1400,3985
20240612,1500,3923
20240612,1600,3874
20240612,1700,3692
20240612,1800,3544
20240612,1900,3435
20240612,2000,3259
20240612,2100,3059
20240612,2200,2913
20240612,2300,2738
20240613,0,2518
20240613,100,2375
20240613,200,2330
20240613,300,2350
20240613,400,2361
20240613,500,2363
20240613,600,2480
20240613,700,2737
20240613,800,3179
20240613,900,3421
20240613,1000,3438
20240613,1100,3605
20240613,1200,3525
20240613,1300,3577
20240613,1400,3612
20240613,1500,3483
20240613,1600,3476
20240613,1700,3461
20240613,1800,3395
20240613,1900,3327
20240613,2000,3164
20240613,2100,2966
20240613,2200,2821
20240613,2300,2669
20240614,0,2461
20240614,100,2330
20240614,200,2291
20240614,300,2316
20240614,400,2327
20240614,500,2364
20240614,600,2517
20240614,700,2853
20240614,800,3375
20240614,900,3823
20240614,1000,4050
20240614,1100,4169
20240614,1200,4115
20240614,1300,4230
20240614,1400,4235
20240614,1500,4186
20240614,1600,4110
20240614,1700,3870
20240614,1800,3666
20240614,1900,3548
20240614,2000,3350
20240614,2100,3129
20240614,2200,2973
20240614,2300,2785
20240615,0,2557
20240615,100,2389
20240615,200,2336
20240615,300,2339
20240615,400,2311
20240615,500,2264
20240615,600,2337
20240615,700,2553
20240615,800,2880
20240615,900,3195
20240615,1000,3361
20240615,1100,3456
20240615,1200,3471
20240615,1300,3479
20240615,1400,3374
20240615,1500,3271
20240615,1600,3188
20240615,1700,3154
20240615,1800,3163
20240615,1900,3138
20240615,2000,3010
20240615,2100,2850
20240615,2200,2708
20240615,2300,2569
20240616,0,2391
20240616,100,2251
20240616,200,2204
20240616,300,2202
20240616,400,2216
20240616,500,2207
20240616,600,2188
20240616,700,2266
20240616,800,2449
20240616,900,2634
20240616,1000,2872
20240616,1100,3056
20240616,1200,3162
20240616,1300,3186
20240616,1400,3192
20240616,1500,3200
20240616,1600,3192
20240616,1700,3197
20240616,1800,3175
20240616,1900,3196
20240616,2000,3095
20240616,2100,2947
20240616,2200,2787
20240616,2300,2647
20240617,0,2441
20240617,100,2302
20240617,200,2258
20240617,300,2280
20240617,400,2295
20240617,500,2336
20240617,600,2550
20240617,700,2981
20240617,800,3526
20240617,900,3991
20240617,1000,4172
20240617,1100,4109
20240617,1200,4031
20240617,1300,4114
20240617,1400,4027
20240617,1500,3832
20240617,1600,3773
20240617,1700,3663
20240617,1800,3643
20240617,1900,3561
20240617,2000,3397
20240617,2100,3197
20240617,2200,3058
20240617,2300,2878
20240618,0,2644
20240618,100,2474
20240618,200,2408
20240618,300,2396
20240618,400,2423
20240618,500,2467
20240618,600,2576
20240618,700,2830
20240618,800,3180
20240618,900,3447
20240618,1000,3485
20240618,1100,3483
20240618,1200,3346
20240618,1300,3441
20240618,1400,3426
20240618,1500,3360
20240618,1600,3377
20240618,1700,3289
20240618,1800,3254
20240618,1900,3169
20240618,2000,3035
20240618,2100,2873
20240618,2200,2748
20240618,2300,2615
20240619,0,2402
20240619,100,2279
20240619,200,2257
20240619,300,2286
20240619,400,2311
20240619,500,2335
20240619,600,2431
20240619,700,2705
20240619,800,3152
20240619,900,3548
20240619,1000,3738
20240619,1100,3837
20240619,1200,3772
20240619,1300,3901
20240619,1400,3905
20240619,1500,3865
20240619,1600,3828
20240619,1700,3664
20240619,1800,3513
20240619,1900,3412
20240619,2000,3234
20240619,2100,3034
20240619,2200,2887
20240619,2300,2729
20240620,0,2504
20240620,100,2358
20240620,200,2304
20240620,300,2323
20240620,400,2324
20240620,500,2335
20240620,600,2483
20240620,700,2828
20240620,800,3309
20240620,900,3689
20240620,1000,3863
20240620,1100,3951
20240620,1200,3864
20240620,1300,3904
20240620,1400,3834
20240620,1500,3772
20240620,1600,3721
20240620,1700,3568
20240620,1800,3502
20240620,1900,3445
20240620,2000,3279
20240620,2100,3086
20240620,2200,2931
20240620,2300,2773
20240621,0,2545
20240621,100,2399
20240621,200,2350
20240621,300,2372
20240621,400,2390
20240621,500,2423
20240621,600,2565
20240621,700,2819
20240621,800,3207
20240621,900,3505
20240621,1000,3511
20240621,1100,3523
20240621,1200,3384
20240621,1300,3395
20240621,1400,3338
20240621,1500,3246
20240621,1600,3227
20240621,1700,3157
20240621,1800,3128
20240621,1900,3090
20240621,2000,2961
20240621,2100,2797
20240621,2200,2678
20240621,2300,2547
20240622,0,2359
20240622,100,2239
20240622,200,2202
20240622,300,2228
20240622,400,2216
20240622,500,2188
20240622,600,2183
20240622,700,2337
20240622,800,2637
20240622,900,2885
20240622,1000,2952
20240622,1100,2992
20240622,1200,3053
20240622,1300,3194
20240622,1400,3139
20240622,1500,3067
20240622,1600,3029
20240622,1700,3023
20240622,1800,3039
20240622,1900,3034
20240622,2000,2927
20240622,2100,2775
20240622,2200,2648
20240622,2300,2525
20240623,0,2343
20240623,100,2216
20240623,200,2164
20240623,300,2188
20240623,400,2205
20240623,500,2204
20240623,600,2216
20240623,700,2324
20240623,800,2440
20240623,900,2589
20240623,1000,2655
20240623,1100,2768
20240623,1200,2839
20240623,1300,2836
20240623,1400,2853
20240623,1500,2834
20240623,1600,2872
20240623,1700,2943
20240623,1800,3007
20240623,1900,2993
20240623,2000,2899
20240623,2100,2765
20240623,2200,2623
20240623,2300,2504
20240624,0,2327
20240624,100,2210
20240624,200,2183
20240624,300,2219
20240624,400,2250
20240624,500,2299
20240624,600,2461
20240624,700,2782
20240624,800,3304
20240624,900,3868
20240624,1000,4164
20240624,1100,4384
20240624,1200,4421
20240624,1300,4598
20240624,1400,4606
20240624,1500,4440
20240624,1600,4270
20240624,1700,4104
20240624,1800,4020
20240624,1900,3912
20240624,2000,3703
20240624,2100,3466
20240624,2200,3268
20240624,2300,3049
20240625,0,2778
20240625,100,2602
20240625,200,2527
20240625,300,2517
20240625,400,2532
20240625,500,2575
20240625,600,2788
20240625,700,3136
20240625,800,3637
20240625,900,4098
20240625,1000,4146
20240625,1100,4247
20240625,1200,4270
20240625,1300,4400
20240625,1400,4383
20240625,1500,4346
20240625,1600,4306
20240625,1700,4148
20240625,1800,4058
20240625,1900,3978
20240625,2000,3782
20240625,2100,3555
20240625,2200,3360
20240625,2300,3139
20240626,0,2858
20240626,100,2674
20240626,200,2589
20240626,300,2570
20240626,400,2558
20240626,500,2613
20240626,600,2788
20240626,700,3135
20240626,800,3583
20240626,900,4177
20240626,1000,4251
20240626,1100,4443
20240626,1200,4355
20240626,1300,4426
20240626,1400,4430
20240626,1500,4308
20240626,1600,4184
20240626,1700,3921
20240626,1800,3803
20240626,1900,3706
20240626,2000,3521
20240626,2100,3308
20240626,2200,3121
20240626,2300,2917
20240627,0,2679
20240627,100,2514
20240627,200,2447
20240627,300,2454
20240627,400,2452
20240627,500,2465
20240627,600,2617
20240627,700,2937
20240627,800,3485
20240627,900,3837
20240627,1000,3960
20240627,1100,4051
20240627,1200,4047
20240627,1300,4161
20240627,1400,4149
20240627,1500,3999
20240627,1600,3874
20240627,1700,3698
20240627,1800,3624
20240627,1900,3545
20240627,2000,3381
20240627,2100,3189
20240627,2200,3031
20240627,2300,2863
20240628,0,2648
20240628,100,2484
20240628,200,2432
20240628,300,2433
20240628,400,2449
20240628,500,2478
20240628,600,2622
20240628,700,2911
20240628,800,3270
20240628,900,3554
20240628,1000,3620
20240628,1100,3654
20240628,1200,3488
20240628,1300,3532
20240628,1400,3544
20240628,1500,3535
20240628,1600,3511
20240628,1700,3425
20240628,1800,3374
20240628,1900,3308
20240628,2000,3165
20240628,2100,2991
20240628,2200,2869
20240628,2300,2714
20240629,0,2507
20240629,100,2375
20240629,200,2315
20240629,300,2327
20240629,400,2323
20240629,500,2300
20240629,600,2318
20240629,700,2434
20240629,800,2611
20240629,900,2870
20240629,1000,2975
20240629,1100,3207
20240629,1200,3277
20240629,1300,3323
20240629,1400,3308
20240629,1500,3281
20240629,1600,3266
20240629,1700,3243
20240629,1800,3208
20240629,1900,3183
20240629,2000,3060
20240629,2100,2889
20240629,2200,2745
20240629,2300,2613
20240630,0,2447
20240630,100,2298
20240630,200,2247
20240630,300,2260
20240630,400,2257
20240630,500,2231
20240630,600,2230
20240630,700,2364
20240630,800,2602
20240630,900,2827
20240630,1000,2973
20240630,1100,3081
20240630,1200,3178
20240630,1300,3204
20240630,1400,3108
20240630,1500,3082
20240630,1600,3158
20240630,1700,3220
20240630,1800,3281
20240630,1900,3284
20240630,2000,3185
20240630,2100,3047
20240630,2200,2889
20240630,2300,2743
20240701,0,2571
20240701,100,2440
20240701,200,2384
20240701,300,2406
20240701,400,2441
20240701,500,2515
20240701,600,2721
20240701,700,3042
20240701,800,3513
20240701,900,3846
20240701,1000,3954
20240701,1100,3880
20240701,1200,3854
20240701,1300,4037
20240701,1400,4062
20240701,1500,3965
20240701,1600,3973
20240701,1700,3886
20240701,1800,3824
20240701,1900,3733
20240701,2000,3561
20240701,2100,3362
20240701,2200,3207
20240701,2300,3012
20240702,0,2758
20240702,100,2586
20240702,200,2511
20240702,300,2503
20240702,400,2499
20240702,500,2537
20240702,600,2736
20240702,700,3144
20240702,800,3716
20240702,900,4177
20240702,1000,4378
20240702,1100,4543
20240702,1200,4350
20240702,1300,4310
20240702,1400,4390
20240702,1500,4292
20240702,1600,4217
20240702,1700,4072
20240702,1800,4000
20240702,1900,3903
20240702,2000,3715
20240702,2100,3488
20240702,2200,3296
20240702,2300,3082
20240703,0,2825
20240703,100,2640
20240703,200,2564
20240703,300,2544
20240703,400,2547
20240703,500,2570
20240703,600,2715
20240703,700,3004
20240703,800,3455
20240703,900,3797
20240703,1000,4002
20240703,1100,4236
20240703,1200,4296
20240703,1300,4524
20240703,1400,4590
20240703,1500,4561
20240703,1600,4511
20240703,1700,4337
20240703,1800,4191
20240703,1900,4051
20240703,2000,3823
20240703,2100,3585
20240703,2200,3386
20240703,2300,3177
20240704,0,2900
20240704,100,2710
20240704,200,2627
20240704,300,2610
20240704,400,2615
20240704,500,2659
20240704,600,2893
20240704,700,3347
20240704,800,4019
20240704,900,4541
20240704,1000,4773
20240704,1100,4931
20240704,1200,4945
20240704,1300,5058
20240704,1400,4993
20240704,1500,4916
20240704,1600,4946
20240704,1700,4755
20240704,1800,4564
20240704,1900,4407
20240704,2000,4172
20240704,2100,3907
20240704,2200,3668
20240704,2300,3395
20240705,0,3080
20240705,100,2854
20240705,200,2747
20240705,300,2710
20240705,400,2687
20240705,500,2728
20240705,600,2972
20240705,700,3439
20240705,800,4047
20240705,900,4542
20240705,1000,4791
20240705,1100,4947
20240705,1200,4950
20240705,1300,5112
20240705,1400,5139
20240705,1500,5119
20240705,1600,5079
20240705,1700,4854
20240705,1800,4617
20240705,1900,4420
20240705,2000,4147
20240705,2100,3874
20240705,2200,3673
20240705,2300,3417
20240706,0,3119
20240706,100,2905
20240706,200,2793
20240706,300,2742
20240706,400,2706
20240706,500,2678
20240706,600,2768
20240706,700,3082
20240706,800,3544
20240706,900,3988
20240706,1000,4108
20240706,1100,4243
20240706,1200,4281
20240706,1300,4378
20240706,1400,4417
20240706,1500,4256
20240706,1600,4076
20240706,1700,3894
20240706,1800,3815
20240706,1900,3741
20240706,2000,3596
20240706,2100,3410
20240706,2200,3254
20240706,2300,3069
20240707,0,2839
20240707,100,2659
20240707,200,2570
20240707,300,2541
20240707,400,2521
20240707,500,2496
20240707,600,2576
20240707,700,2825
20240707,800,3209
20240707,900,3609
20240707,1000,3873
20240707,1100,4052
20240707,1200,4201
20240707,1300,4265
20240707,1400,4251
20240707,1500,4266
20240707,1600,4332
20240707,1700,4340
20240707,1800,4326
20240707,1900,4264
20240707,2000,4077
20240707,2100,3841
20240707,2200,3596
20240707,2300,3351
20240708,0,3059
20240708,100,2843
20240708,200,2730
20240708,300,2698
20240708,400,2708
20240708,500,2777
20240708,600,3118
20240708,700,3714
20240708,800,4395
20240708,900,4918
20240708,1000,5146
20240708,1100,5217
20240708,1200,5131
20240708,1300,5356
20240708,1400,5490
20240708,1500,5436
20240708,1600,5424
20240708,1700,5223
20240708,1800,5028
20240708,1900,4829
20240708,2000,4564
20240708,2100,4241
20240708,2200,3961
20240708,2300,3639
20240709,0,3281
20240709,100,3041
20240709,200,2912
20240709,300,2868
20240709,400,2853
20240709,500,2916
20240709,600,3200
20240709,700,3759
20240709,800,4330
20240709,900,4708
20240709,1000,4738
20240709,1100,4795
20240709,1200,4849
20240709,1300,5035
20240709,1400,5035
20240709,1500,4833
20240709,1600,4748
20240709,1700,4584
20240709,1800,4508
20240709,1900,4390
20240709,2000,4183
20240709,2100,3930
20240709,2200,3723
20240709,2300,3459
20240710,0,3141
20240710,100,2918
20240710,200,2809
20240710,300,2761
20240710,400,2757
20240710,500,2815
20240710,600,3071
20240710,700,3575
20240710,800,4254
20240710,900,4726
20240710,1000,4869
20240710,1100,4887
20240710,1200,4731
20240710,1300,4795
20240710,1400,4823
20240710,1500,4769
20240710,1600,4725
20240710,1700,4500
20240710,1800,4371
20240710,1900,4237
20240710,2000,4027
20240710,2100,3809
20240710,2200,3615
20240710,2300,3380
20240711,0,3107
20240711,100,2930
20240711,200,2855
20240711,300,2837
20240711,400,2844
20240711,500,2904
20240711,600,3127
20240711,700,3503
20240711,800,3951
20240711,900,4288
20240711,1000,4393
20240711,1100,4423
20240711,1200,4222
20240711,1300,4311
20240711,1400,4268
20240711,1500,4240
20240711,1600,4232
20240711,1700,4094
20240711,1800,4014
20240711,1900,3910
20240711,2000,3727
20240711,2100,3527
20240711,2200,3346
20240711,2300,3147
20240712,0,2901
20240712,100,2725
20240712,200,2644
20240712,300,2631
20240712,400,2648
20240712,500,2693
20240712,600,2876
20240712,700,3242
20240712,800,3695
20240712,900,4012
20240712,1000,4047
20240712,1100,4007
20240712,1200,3779
20240712,1300,3879
20240712,1400,3841
20240712,1500,3767
20240712,1600,3757
20240712,1700,3648
20240712,1800,3587
20240712,1900,3498
20240712,2000,3339
20240712,2100,3151
20240712,2200,3021
20240712,2300,2870
20240713,0,2668
20240713,100,2513
20240713,200,2447
20240713,300,2442
20240713,400,2441
20240713,500,2390
20240713,600,2414
20240713,700,2619
20240713,800,2957
20240713,900,3319
20240713,1000,3562
20240713,1100,3670
20240713,1200,3693
20240713,1300,3695
20240713,1400,3684
20240713,1500,3623
20240713,1600,3499
20240713,1700,3419
20240713,1800,3415
20240713,1900,3395
20240713,2000,3276
20240713,2100,3124
20240713,2200,2998
20240713,2300,2860
20240714,0,2651
20240714,100,2495
20240714,200,2422
20240714,300,2412
20240714,400,2412
20240714,500,2405
20240714,600,2431
20240714,700,2576
20240714,800,2792
20240714,900,2997
20240714,1000,3028
20240714,1100,3081
20240714,1200,3135
20240714,1300,3186
20240714,1400,3266
20240714,1500,3278
20240714,1600,3323
20240714,1700,3357
20240714,1800,3388
20240714,1900,3347
20240714,2000,3218
20240714,2100,3062
20240714,2200,2931
20240714,2300,2780
20240715,0,2581
20240715,100,2424
20240715,200,2360
20240715,300,2360
20240715,400,2376
20240715,500,2403
20240715,600,2489
20240715,700,2686
20240715,800,3012
20240715,900,3283
20240715,1000,3311
20240715,1100,3322
20240715,1200,3216
20240715,1300,3288
20240715,1400,3421
20240715,1500,3425
20240715,1600,3397
20240715,1700,3386
20240715,1800,3396
20240715,1900,3338
20240715,2000,3201
20240715,2100,3035
20240715,2200,2887
20240715,2300,2741
20240716,0,2538
20240716,100,2400
20240716,200,2358
20240716,300,2365
20240716,400,2396
20240716,500,2452
20240716,600,2622
20240716,700,2940
20240716,800,3357
20240716,900,3663
20240716,1000,3757
20240716,1100,3777
20240716,1200,3683
20240716,1300,3768
20240716,1400,3818
20240716,1500,3750
20240716,1600,3748
20240716,1700,3645
20240716,1800,3589
20240716,1900,3502
20240716,2000,3338
20240716,2100,3154
20240716,2200,3024
20240716,2300,2862
20240717,0,2646
20240717,100,2498
20240717,200,2450
20240717,300,2455
20240717,400,2472
20240717,500,2498
20240717,600,2624
20240717,700,2932
20240717,800,3405
20240717,900,3797
20240717,1000,3993
20240717,1100,4087
20240717,1200,4126
20240717,1300,4328
20240717,1400,4441
20240717,1500,4400
20240717,1600,4275
20240717,1700,4087
20240717,1800,4007
20240717,1900,3918
20240717,2000,3720
20240717,2100,3490
20240717,2200,3305
20240717,2300,3094
20240718,0,2832
20240718,100,2647
20240718,200,2574
20240718,300,2569
20240718,400,2579
20240718,500,2610
20240718,600,2792
20240718,700,3209
20240718,800,3756
20240718,900,4219
20240718,1000,4459
20240718,1100,4584
20240718,1200,4615
20240718,1300,4813
20240718,1400,4885
20240718,1500,4846
20240718,1600,4745
20240718,1700,4478
20240718,1800,4365
20240718,1900,4255
20240718,2000,4023
20240718,2100,3786
20240718,2200,3576
20240718,2300,3337
20240719,0,3034
20240719,100,2830
20240719,200,2735
20240719,300,2715
20240719,400,2711
20240719,500,2737
20240719,600,2977
20240719,700,3463
20240719,800,4119
20240719,900,4469
20240719,1000,4478
20240719,1100,4590
20240719,1200,4705
20240719,1300,4973
20240719,1400,5054
20240719,1500,5017
20240719,1600,4969
20240719,1700,4731
20240719,1800,4589
20240719,1900,4480
20240719,2000,4239
20240719,2100,3982
20240719,2200,3770
20240719,2300,3518
20240720,0,3217
20240720,100,2991
20240720,200,2864
20240720,300,2815
20240720,400,2782
20240720,500,2771
20240720,600,2913
20240720,700,3292
20240720,800,3816
20240720,900,4272
20240720,1000,4458
20240720,1100,4676
20240720,1200,4700
20240720,1300,4705
20240720,1400,4566
20240720,1500,4473
20240720,1600,4524
20240720,1700,4472
20240720,1800,4349
20240720,1900,4210
20240720,2000,3982
20240720,2100,3724
20240720,2200,3492
20240720,2300,3240
20240721,0,2970
20240721,100,2775
20240721,200,2667
20240721,300,2637
20240721,400,2620
20240721,500,2596
20240721,600,2671
20240721,700,2934
20240721,800,3334
20240721,900,3766
20240721,1000,4026
20240721,1100,4163
20240721,1200,4300
20240721,1300,4282
20240721,1400,4275
20240721,1500,4243
20240721,1600,4207
20240721,1700,4181
20240721,1800,4106
20240721,1900,4030
20240721,2000,3854
20240721,2100,3650
20240721,2200,3442
20240721,2300,3219
20240722,0,2963
20240722,100,2765
20240722,200,2670
20240722,300,2654
20240722,400,2658
20240722,500,2741
20240722,600,3055
20240722,700,3635
20240722,800,4370
20240722,900,4935
20240722,1000,5192
20240722,1100,5351
20240722,1200,5355
20240722,1300,5537
20240722,1400,5490
20240722,1500,5334
20240722,1600,5204
20240722,1700,4994
20240722,1800,4834
20240722,1900,4692
20240722,2000,4414
20240722,2100,4014
20240722,2200,3730
20240722,2300,3444
20240723,0,3121
20240723,100,2901
20240723,200,2787
20240723,300,2751
20240723,400,2744
20240723,500,2808
20240723,600,3084
20240723,700,3607
20240723,800,4324
20240723,900,4889
20240723,1000,5124
20240723,1100,5279
20240723,1200,5272
20240723,1300,5416
20240723,1400,5462
20240723,1500,5440
20240723,1600,5386
20240723,1700,5182
20240723,1800,4949
20240723,1900,4764
20240723,2000,4513
20240723,2100,4238
20240723,2200,3972
20240723,2300,3679
20240724,0,3344
20240724,100,3105
20240724,200,2979
20240724,300,2934
20240724,400,2922
20240724,500,2967
20240724,600,3267
20240724,700,3839
20240724,800,4578
20240724,900,5131
20240724,1000,5311
20240724,1100,5433
20240724,1200,5268
20240724,1300,4941
20240724,1400,4725
20240724,1500,4804
20240724,1600,4927
20240724,1700,4757
20240724,1800,4627
20240724,1900,4506
20240724,2000,4269
20240724,2100,4018
20240724,2200,3788
20240724,2300,3534
20240725,0,3208
20240725,100,2994
20240725,200,2883
20240725,300,2852
20240725,400,2842
20240725,500,2863
20240725,600,3093
20240725,700,3584
20240725,800,4270
20240725,900,4836
20240725,1000,5120
20240725,1100,5249
20240725,1200,5238
20240725,1300,5427
20240725,1400,5470
20240725,1500,5399
20240725,1600,5261
20240725,1700,4934
20240725,1800,4699
20240725,1900,4461
20240725,2000,4205
20240725,2100,3950
20240725,2200,3707
20240725,2300,3447
20240726,0,3140
20240726,100,2933
20240726,200,2828
20240726,300,2788
20240726,400,2786
20240726,500,2828
20240726,600,3076
20240726,700,3572
20240726,800,4234
20240726,900,4822
20240726,1000,5136
20240726,1100,5282
20240726,1200,5310
20240726,1300,5390
20240726,1400,5415
20240726,1500,5320
20240726,1600,5192
20240726,1700,4935
20240726,1800,4755
20240726,1900,4574
20240726,2000,4257
20240726,2100,3919
20240726,2200,3679
20240726,2300,3431
20240727,0,3152
20240727,100,2945
20240727,200,2834
20240727,300,2799
20240727,400,2777
20240727,500,2771
20240727,600,2870
20240727,700,3166
20240727,800,3581
20240727,900,4089
20240727,1000,4361
20240727,1100,4580
20240727,1200,4676
20240727,1300,4753
20240727,1400,4735
20240727,1500,4627
20240727,1600,4483
20240727,1700,4321
20240727,1800,4240
20240727,1900,4132
20240727,2000,3937
20240727,2100,3722
20240727,2200,3534
20240727,2300,3323
20240728,0,3056
20240728,100,2843
20240728,200,2728
20240728,300,2679
20240728,400,2665
20240728,500,2666
20240728,600,2801
20240728,700,3110
20240728,800,3540
20240728,900,3945
20240728,1000,4187
20240728,1100,4296
20240728,1200,4408
20240728,1300,4471
20240728,1400,4475
20240728,1500,4489
20240728,1600,4451
20240728,1700,4409
20240728,1800,4388
20240728,1900,4349
20240728,2000,4185
20240728,2100,3982
20240728,2200,3763
20240728,2300,3519
20240729,0,3231
20240729,100,3006
20240729,200,2879
20240729,300,2830
20240729,400,2836
20240729,500,2909
20240729,600,3221
20240729,700,3792
20240729,800,4587
20240729,900,5190
20240729,1000,5430
20240729,1100,5567
20240729,1200,5526
20240729,1300,5676
20240729,1400,5699
20240729,1500,5555
20240729,1600,5424
20240729,1700,5136
20240729,1800,4926
20240729,1900,4790
20240729,2000,4548
20240729,2100,4293
20240729,2200,4057
20240729,2300,3777
20240730,0,3451
20240730,100,3226
20240730,200,3080
20240730,300,3023
20240730,400,3002
20240730,500,3074
20240730,600,3389
20240730,700,4006
20240730,800,4787
20240730,900,5169
20240730,1000,5210
20240730,1100,5435
20240730,1200,5461
20240730,1300,5471
20240730,1400,5241
20240730,1500,5018
20240730,1600,4852
20240730,1700,4666
20240730,1800,4554
20240730,1900,4448
20240730,2000,4256
20240730,2100,4027
20240730,2200,3822
20240730,2300,3579
20240731,0,3283
20240731,100,3072
20240731,200,2963
20240731,300,2906
20240731,400,2895
20240731,500,2953
20240731,600,3197
20240731,700,3713
20240731,800,4400
20240731,900,4878
20240731,1000,5076
20240731,1100,5115
20240731,1200,5135
20240731,1300,5285
20240731,1400,5259
20240731,1500,5202
20240731,1600,5092
20240731,1700,4771
20240731,1800,4521
20240731,1900,4319
20240731,2000,4118
20240731,2100,3902
20240731,2200,3686
20240731,2300,3445
20240801,0,3144
20240801,100,2937
20240801,200,2823
20240801,300,2780
20240801,400,2768
20240801,500,2806
20240801,600,3035
20240801,700,3491
20240801,800,4090
20240801,900,4596
20240801,1000,4850
20240801,1100,4982
20240801,1200,4925
20240801,1300,5015
20240801,1400,5021
20240801,1500,4988
20240801,1600,4937
20240801,1700,4733
20240801,1800,4550
20240801,1900,4392
20240801,2000,4144
20240801,2100,3887
20240801,2200,3669
20240801,2300,3425
20240802,0,3129
20240802,100,2917
20240802,200,2803
20240802,300,2774
20240802,400,2779
20240802,500,2828
20240802,600,3050
20240802,700,3512
20240802,800,4112
20240802,900,4597
20240802,1000,4819
20240802,1100,4964
20240802,1200,4972
20240802,1300,5101
20240802,1400,5137
20240802,1500,5115
20240802,1600,5072
20240802,1700,4847
20240802,1800,4624
20240802,1900,4422
20240802,2000,4164
20240802,2100,3895
20240802,2200,3689
20240802,2300,3455
20240803,0,3170
20240803,100,2959
20240803,200,2831
20240803,300,2781
20240803,400,2755
20240803,500,2744
20240803,600,2845
20240803,700,3110
20240803,800,3572
20240803,900,4009
20240803,1000,4252
20240803,1100,4413
20240803,1200,4480
20240803,1300,4521
20240803,1400,4509
20240803,1500,4486
20240803,1600,4466
20240803,1700,4362
20240803,1800,4214
20240803,1900,4078
20240803,2000,3874
20240803,2100,3659
20240803,2200,3460
20240803,2300,3268
20240804,0,3000
20240804,100,2799
20240804,200,2681
20240804,300,2629
20240804,400,2613
20240804,500,2604
20240804,600,2693
20240804,700,2972
20240804,800,3358
20240804,900,3790
20240804,1000,4074
20240804,1100,4260
20240804,1200,4372
20240804,1300,4414
20240804,1400,4432
20240804,1500,4449
20240804,1600,4406
20240804,1700,4311
20240804,1800,4203
20240804,1900,4103
20240804,2000,3923
20240804,2100,3710
20240804,2200,3489
20240804,2300,3295
20240805,0,3030
20240805,100,2833
20240805,200,2728
20240805,300,2691
20240805,400,2705
20240805,500,2781
20240805,600,3091
20240805,700,3656
20240805,800,4396
20240805,900,4950
20240805,1000,5215
20240805,1100,5369
20240805,1200,5391
20240805,1300,5435
20240805,1400,5356
20240805,1500,5136
20240805,1600,4969
20240805,1700,4778
20240805,1800,4682
20240805,1900,4522
20240805,2000,4278
20240805,2100,4016
20240805,2200,3795
20240805,2300,3545
20240806,0,3228
20240806,100,3019
20240806,200,2909
20240806,300,2863
20240806,400,2876
20240806,500,2941
20240806,600,3159
20240806,700,3658
20240806,800,4287
20240806,900,4730
20240806,1000,4931
20240806,1100,5045
20240806,1200,5029
20240806,1300,5227
20240806,1400,5258
20240806,1500,5169
20240806,1600,5048
20240806,1700,4809
20240806,1800,4667
20240806,1900,4493
20240806,2000,4254
20240806,2100,4003
20240806,2200,3773
20240806,2300,3514
20240807,0,3211
20240807,100,3000
20240807,200,2890
20240807,300,2857
20240807,400,2853
20240807,500,2898
20240807,600,3134
20240807,700,3600
20240807,800,4262
20240807,900,4768
20240807,1000,4957
20240807,1100,5090
20240807,1200,5129
20240807,1300,5268
20240807,1400,5239
20240807,1500,5157
20240807,1600,5074
20240807,1700,4755
20240807,1800,4554
20240807,1900,4325
20240807,2000,4068
20240807,2100,3816
20240807,2200,3587
20240807,2300,3356
20240808,0,3068
20240808,100,2881
20240808,200,2780
20240808,300,2751
20240808,400,2763
20240808,500,2821
20240808,600,3035
20240808,700,3465
20240808,800,4050
20240808,900,4532
20240808,1000,4747
20240808,1100,4907
20240808,1200,4908
20240808,1300,5076
20240808,1400,5076
20240808,1500,5045
20240808,1600,5029
20240808,1700,4815
20240808,1800,4655
20240808,1900,4494
20240808,2000,4258
20240808,2100,4007
20240808,2200,3772
20240808,2300,3514
20240809,0,3202
20240809,100,2980
20240809,200,2871
20240809,300,2824
20240809,400,2819
20240809,500,2868
20240809,600,3115
20240809,700,3610
20240809,800,4289
20240809,900,4794
20240809,1000,4982
20240809,1100,5125
20240809,1200,5131
20240809,1300,5235
20240809,1400,5234
20240809,1500,5184
20240809,1600,5015
20240809,1700,4659
20240809,1800,4424
20240809,1900,4262
20240809,2000,4027
20240809,2100,3791
20240809,2200,3571
20240809,2300,3347
20240810,0,3082
20240810,100,2870
20240810,200,2749
20240810,300,2702
20240810,400,2676
20240810,500,2661
20240810,600,2745
20240810,700,3059
20240810,800,3499
20240810,900,3777
20240810,1000,3915
20240810,1100,4111
20240810,1200,4213
20240810,1300,4325
20240810,1400,4306
20240810,1500,4251
20240810,1600,4182
20240810,1700,4076
20240810,1800,4003
20240810,1900,3906
20240810,2000,3733
20240810,2100,3549
20240810,2200,3383
20240810,2300,3210
20240811,0,2959
20240811,100,2756
20240811,200,2648
20240811,300,2611
20240811,400,2586
20240811,500,2581
20240811,600,2685
20240811,700,2936
20240811,800,3310
20240811,900,3716
20240811,1000,3967
20240811,1100,4114
20240811,1200,4193
20240811,1300,4233
20240811,1400,4248
20240811,1500,4272
20240811,1600,4251
20240811,1700,4210
20240811,1800,4199
20240811,1900,4154
20240811,2000,3983
20240811,2100,3759
20240811,2200,3540
20240811,2300,3306
20240812,0,3044
20240812,100,2834
20240812,200,2718
20240812,300,2680
20240812,400,2670
20240812,500,2694
20240812,600,2870
20240812,700,3220
20240812,800,3652
20240812,900,4044
20240812,1000,4236
20240812,1100,4355
20240812,1200,4432
20240812,1300,4453
20240812,1400,4455
20240812,1500,4394
20240812,1600,4365
20240812,1700,4289
20240812,1800,4215
20240812,1900,4139
20240812,2000,3965
20240812,2100,3750
20240812,2200,3519
20240812,2300,3282
20240813,0,3015
20240813,100,2815
20240813,200,2703
20240813,300,2669
20240813,400,2663
20240813,500,2713
20240813,600,2926
20240813,700,3343
20240813,800,3806
20240813,900,4175
20240813,1000,4356
20240813,1100,4480
20240813,1200,4552
20240813,1300,4576
20240813,1400,4576
20240813,1500,4576
20240813,1600,4522
20240813,1700,4376
20240813,1800,4275
20240813,1900,4156
20240813,2000,3958
20240813,2100,3742
20240813,2200,3537
20240813,2300,3305
20240814,0,3012
20240814,100,2812
20240814,200,2696
20240814,300,2647
20240814,400,2637
20240814,500,2673
20240814,600,2864
20240814,700,3271
20240814,800,3689
20240814,900,4018
20240814,1000,4194
20240814,1100,4298
20240814,1200,4335
20240814,1300,4299
20240814,1400,4255
20240814,1500,4259
20240814,1600,4266
20240814,1700,4177
20240814,1800,4116
20240814,1900,4019
20240814,2000,3838
20240814,2100,3625
20240814,2200,3428
20240814,2300,3202
20240815,0,2912
20240815,100,2705
20240815,200,2612
20240815,300,2582
20240815,400,2572
20240815,500,2604
20240815,600,2784
20240815,700,3192
20240815,800,3653
20240815,900,4034
20240815,1000,4265
20240815,1100,4393
20240815,1200,4475
20240815,1300,4483
20240815,1400,4486
20240815,1500,4484
20240815,1600,4449
20240815,1700,4338
20240815,1800,4241
20240815,1900,4122
20240815,2000,3919
20240815,2100,3708
20240815,2200,3520
20240815,2300,3297
20240816,0,2999
20240816,100,2780
20240816,200,2664
20240816,300,2616
20240816,400,2605
20240816,500,2646
20240816,600,2762
20240816,700,3052
20240816,800,3423
20240816,900,3724
20240816,1000,3808
20240816,1100,3754
20240816,1200,3703
20240816,1300,3654
20240816,1400,3626
20240816,1500,3605
20240816,1600,3611
20240816,1700,3598
20240816,1800,3617
20240816,1900,3531
20240816,2000,3356
20240816,2100,3165
20240816,2200,3008
20240816,2300,2865
20240817,0,2681
20240817,100,2518
20240817,200,2446
20240817,300,2428
20240817,400,2434
20240817,500,2465
20240817,600,2582
20240817,700,2922
20240817,800,3418
20240817,900,3902
20240817,1000,4162
20240817,1100,4360
20240817,1200,4487
20240817,1300,4518
20240817,1400,4501
20240817,1500,4416
20240817,1600,4381
20240817,1700,4289
20240817,1800,4194
20240817,1900,4085
20240817,2000,3889
20240817,2100,3660
20240817,2200,3457
20240817,2300,3243
20240818,0,2975
20240818,100,2773
20240818,200,2665
20240818,300,2611
20240818,400,2597
20240818,500,2611
20240818,600,2674
20240818,700,2927
20240818,800,3231
20240818,900,3491
20240818,1000,3773
20240818,1100,3913
20240818,1200,4046
20240818,1300,4161
20240818,1400,4150
20240818,1500,4172
20240818,1600,4176
20240818,1700,4149
20240818,1800,4134
20240818,1900,4060
20240818,2000,3891
20240818,2100,3691
20240818,2200,3473
20240818,2300,3255
20240819,0,2993
20240819,100,2802
20240819,200,2700
20240819,300,2662
20240819,400,2676
20240819,500,2772
20240819,600,3063
20240819,700,3614
20240819,800,4297
20240819,900,4813
20240819,1000,5029
20240819,1100,5182
20240819,1200,5188
20240819,1300,5307
20240819,1400,5370
20240819,1500,5359
20240819,1600,5218
20240819,1700,4868
20240819,1800,4652
20240819,1900,4256
20240819,2000,3929
20240819,2100,3659
20240819,2200,3455
20240819,2300,3233
20240820,0,2971
20240820,100,2777
20240820,200,2680
20240820,300,2661
20240820,400,2674
20240820,500,2752
20240820,600,2963
20240820,700,3341
20240820,800,3899
20240820,900,4432
20240820,1000,4749
20240820,1100,4901
20240820,1200,4952
20240820,1300,5115
20240820,1400,5094
20240820,1500,5077
20240820,1600,5003
20240820,1700,4722
20240820,1800,4580
20240820,1900,4401
20240820,2000,4169
20240820,2100,3899
20240820,2200,3665
20240820,2300,3410
20240821,0,3118
20240821,100,2910
20240821,200,2804
20240821,300,2767
20240821,400,2771
20240821,500,2830
20240821,600,3061
20240821,700,3531
20240821,800,4156
20240821,900,4635
20240821,1000,4895
20240821,1100,5029
20240821,1200,4993
20240821,1300,5126
20240821,1400,5140
20240821,1500,5073
20240821,1600,4975
20240821,1700,4681
20240821,1800,4496
20240821,1900,4277
20240821,2000,4048
20240821,2100,3821
20240821,2200,3613
20240821,2300,3388
20240822,0,3111
20240822,100,2905
20240822,200,2803
20240822,300,2771
20240822,400,2778
20240822,500,2852
20240822,600,3046
20240822,700,3466
